"organism_name","biosample","number_of_assemblies","refseq_category","number_of_biosamples","assembly_accession","taxid","assembly_level","release_type","genome_rep","seq_rel_date","asm_name","submitter","gbrs_paired_asm","paired_asm_comp","ftp_path","excluded_from_refseq","relation_to_type_material","asm_not_live_date","superkingdom","phylum","class","order","family","genus","has_rep_or_ref","assembly_id","mean_lifespan","mae_lifespan","mre_lifespan","sd_lifespan","max_lifespan","n_reported_values","b_complete","b_complete_and_single_copy","b_complete_and_duplicated","b_fragmented","b_missing","b_total_groups_searched","sex"
"Anguilla japonica","SAMN03004389",7,"na",7,"GCA_000470695.1",7937,"Scaffold","Major","Full","2014/03/18","japanese_eel_genome_v1_25_oct_2011_japonica_c401b400k25m200_sspacepremiumk3a02n24_extra.final.scaffolds","ZF-screens B.V.","na","na","https://ftp.ncbi.nlm.nih.gov/genomes/all/GCA/000/470/695/GCA_000470695.1_japanese_eel_genome_v1_25_oct_2011_japonica_c401b400k25m200_sspacepremiumk3a02n24_extra.final.scaffolds","",NA,"na","Eukaryota","Chordata","Actinopteri","Anguilliformes","Anguillidae","Anguilla",TRUE,"GCA_000470695.1_japanese_eel_genome_v1_25_oct_2011_japonica_c401b400k25m200_sspacepremiumk3a02n24_extra.final.scaffolds",NA,NA,NA,NA,NA,NA,79.7,75.3,4.4,5.6,14.7,3640,"Female"
"Anguilla japonica","SAMD00080929",7,"na",7,"GCA_002723815.1",7937,"Scaffold","Major","Full","2017/10/25","Ajaponica_ver_D2","Tohoku National Fisheries Research Institute","na","na","https://ftp.ncbi.nlm.nih.gov/genomes/all/GCA/002/723/815/GCA_002723815.1_Ajaponica_ver_D2","",NA,"na","Eukaryota","Chordata","Actinopteri","Anguilliformes","Anguillidae","Anguilla",TRUE,"GCA_002723815.1_Ajaponica_ver_D2",NA,NA,NA,NA,NA,NA,83.3,78.7,4.6,3.8,12.9,3640,"Unknown"
"Anguilla japonica","SAMD00106409",7,"na",7,"GCA_002933695.1",7937,"Contig","Major","Partial","2018/02/03","Anguilla_japonica_LG1_1.0","National Research Institute of Fisheries Science","na","na","https://ftp.ncbi.nlm.nih.gov/genomes/all/GCA/002/933/695/GCA_002933695.1_Anguilla_japonica_LG1_1.0","partial",NA,"na","Eukaryota","Chordata","Actinopteri","Anguilliformes","Anguillidae","Anguilla",TRUE,"GCA_002933695.1_Anguilla_japonica_LG1_1.0",NA,NA,NA,NA,NA,NA,0.1,0.1,0,0.1,99.8,3640,"Unknown"
"Anguilla japonica","SAMD00098195",7,"na",7,"GCA_003597225.1",7937,"Scaffold","Major","Full","2018/09/14","Ajp_01","National Research Institute of Fisheries Science","na","na","https://ftp.ncbi.nlm.nih.gov/genomes/all/GCA/003/597/225/GCA_003597225.1_Ajp_01","",NA,"na","Eukaryota","Chordata","Actinopteri","Anguilliformes","Anguillidae","Anguilla",TRUE,"GCA_003597225.1_Ajp_01",NA,NA,NA,NA,NA,NA,90.7,85,5.7,1.8,7.5,3640,"Unknown"
"Anguilla japonica","SAMN11472315",7,"na",7,"GCA_006352315.1",7937,"Scaffold","Major","Full","2019/06/18","ASM635231v1","BGI-SZ ocean institute","na","na","https://ftp.ncbi.nlm.nih.gov/genomes/all/GCA/006/352/315/GCA_006352315.1_ASM635231v1","",NA,"na","Eukaryota","Chordata","Actinopteri","Anguilliformes","Anguillidae","Anguilla",TRUE,"GCA_006352315.1_ASM635231v1",NA,NA,NA,NA,NA,NA,87.4,81.7,5.7,2.7,9.9,3640,"Female"
"Anguilla japonica","SAMN29326702",7,"representative genome",7,"GCA_025169545.1",7937,"Chromosome","Major","Full","2022/09/14","ASM2516954v1","Hong Kong Baptist University","na","na","https://ftp.ncbi.nlm.nih.gov/genomes/all/GCA/025/169/545/GCA_025169545.1_ASM2516954v1","",NA,"na","Eukaryota","Chordata","Actinopteri","Anguilliformes","Anguillidae","Anguilla",TRUE,"GCA_025169545.1_ASM2516954v1",NA,NA,NA,NA,NA,NA,NA,NA,NA,NA,NA,NA,"Female"
"Anguilla japonica","SAMEA104717565",7,"na",7,"GCA_916313395.1",7937,"Scaffold","Major","Full","2021/09/29","AJA001","INSTITUTE OF INFORMATION SCIENCE, Academia Sinica","na","na","https://ftp.ncbi.nlm.nih.gov/genomes/all/GCA/916/313/395/GCA_916313395.1_AJA001","",NA,"na","Eukaryota","Chordata","Actinopteri","Anguilliformes","Anguillidae","Anguilla",TRUE,"GCA_916313395.1_AJA001",NA,NA,NA,NA,NA,NA,82.4,76.2,6.2,2.7,14.9,3640,"Female"
"Astyanax mexicanus","SAMN02981523",6,"na",6,"GCA_000372685.2",7994,"Chromosome","Major","Full","2017/09/25","Astyanax_mexicanus-2.0","Washington University School of Medince","GCF_000372685.2","identical","https://ftp.ncbi.nlm.nih.gov/genomes/all/GCA/000/372/685/GCA_000372685.2_Astyanax_mexicanus-2.0","superseded by newer assembly for species",NA,"na","Eukaryota","Chordata","Actinopteri","Characiformes","Characidae","Astyanax",TRUE,"GCA_000372685.2_Astyanax_mexicanus-2.0",6.09375,1.8671875,30.6410256410256,2.41992288838184,9.75,8,95.7,94.5,1.2,0.9,3.4,3640,"Female"
"Astyanax mexicanus","SAMN11404277",6,"na",6,"GCA_004802775.1",7994,"Scaffold","Major","Full","2019/04/22","Astyanax_mexicanus-1.0.2","Aquatic Genome Models","na","na","https://ftp.ncbi.nlm.nih.gov/genomes/all/GCA/004/802/775/GCA_004802775.1_Astyanax_mexicanus-1.0.2","",NA,"na","Eukaryota","Chordata","Actinopteri","Characiformes","Characidae","Astyanax",TRUE,"GCA_004802775.1_Astyanax_mexicanus-1.0.2",6.09375,1.8671875,30.6410256410256,2.41992288838184,9.75,8,87.3,86.3,1,3.2,9.5,3640,"Female"
"Astyanax mexicanus","SAMN18310656",6,"na",6,"GCA_019721115.1",7994,"Chromosome","Major","Full","2021/08/25","AMEX_1.1","GenoFish","na","na","https://ftp.ncbi.nlm.nih.gov/genomes/all/GCA/019/721/115/GCA_019721115.1_AMEX_1.1","",NA,"na","Eukaryota","Chordata","Actinopteri","Characiformes","Characidae","Astyanax",TRUE,"GCA_019721115.1_AMEX_1.1",6.09375,1.8671875,30.6410256410256,2.41992288838184,9.75,8,96.9,95.5,1.4,0.4,2.7,3640,"Male"
"Astyanax mexicanus","SAMN26927012",6,"na",6,"GCA_023375835.1",7994,"Chromosome","Major","Full","2022/05/19","AstMex3_Tinaja","University of Missouri","na","na","https://ftp.ncbi.nlm.nih.gov/genomes/all/GCA/023/375/835/GCA_023375835.1_AstMex3_Tinaja","",NA,"na","Eukaryota","Chordata","Actinopteri","Characiformes","Characidae","Astyanax",TRUE,"GCA_023375835.1_AstMex3_Tinaja",6.09375,1.8671875,30.6410256410256,2.41992288838184,9.75,8,96.8,95.2,1.6,0.6,2.6,3640,"Female"
"Astyanax mexicanus","SAMN26927110",6,"na",6,"GCA_023375845.1",7994,"Chromosome","Major","Full","2022/05/19","AstMex3_Molino","University of Missouri","na","na","https://ftp.ncbi.nlm.nih.gov/genomes/all/GCA/023/375/845/GCA_023375845.1_AstMex3_Molino","",NA,"na","Eukaryota","Chordata","Actinopteri","Characiformes","Characidae","Astyanax",TRUE,"GCA_023375845.1_AstMex3_Molino",6.09375,1.8671875,30.6410256410256,2.41992288838184,9.75,8,96.7,95.7,1,0.6,2.7,3640,"Female"
"Astyanax mexicanus","SAMN25965548",6,"representative genome",6,"GCA_023375975.1",7994,"Chromosome","Major","Full","2022/05/19","AstMex3_surface","University of Missouri","GCF_023375975.1","identical","https://ftp.ncbi.nlm.nih.gov/genomes/all/GCA/023/375/975/GCA_023375975.1_AstMex3_surface","",NA,"na","Eukaryota","Chordata","Actinopteri","Characiformes","Characidae","Astyanax",TRUE,"GCA_023375975.1_AstMex3_surface",6.09375,1.8671875,30.6410256410256,2.41992288838184,9.75,8,97.1,95.9,1.2,0.5,2.4,3640,"Female"
"Cyprinus carpio","SAMEA2757102",6,"na",6,"GCA_000951615.2",7962,"Chromosome","Major","Full","2014/11/03","common carp genome","CHINESE ACADEMY OF FISHERY SCIENCE","GCF_000951615.1","different","https://ftp.ncbi.nlm.nih.gov/genomes/all/GCA/000/951/615/GCA_000951615.2_common_carp_genome","superseded by newer assembly for species",NA,"na","Eukaryota","Chordata","Actinopteri","Cypriniformes","Cyprinidae","Cyprinus",TRUE,"GCA_000951615.2_common_carp_genome",19.375,12.09375,62.4193548387097,15.0948613345627,50,32,82.5,61.6,20.9,4.1,13.4,3640,"Unknown"
"Cyprinus carpio","SAMN03856486",6,"na",6,"GCA_001270105.1",7962,"Scaffold","Major","Full","2015/08/18","ASM127010v1","ZF-screens B.V.","na","na","https://ftp.ncbi.nlm.nih.gov/genomes/all/GCA/001/270/105/GCA_001270105.1_ASM127010v1","",NA,"na","Eukaryota","Chordata","Actinopteri","Cypriniformes","Cyprinidae","Cyprinus",TRUE,"GCA_001270105.1_ASM127010v1",19.375,12.09375,62.4193548387097,15.0948613345627,50,32,90.5,51.9,38.6,3,6.5,3640,"Female"
"Cyprinus carpio","SAMN10617437",6,"na",6,"GCA_004011555.1",7962,"Scaffold","Major","Full","2019/01/10","German_Mirror_carp_1.0","Chinese Academy of Fishery Sciences","na","na","https://ftp.ncbi.nlm.nih.gov/genomes/all/GCA/004/011/555/GCA_004011555.1_German_Mirror_carp_1.0","",NA,"na","Eukaryota","Chordata","Actinopteri","Cypriniformes","Cyprinidae","Cyprinus",TRUE,"GCA_004011555.1_German_Mirror_carp_1.0",19.375,12.09375,62.4193548387097,15.0948613345627,50,32,96.9,43.3,53.6,0.5,2.6,3640,"Female"
"Cyprinus carpio","SAMN10617435",6,"na",6,"GCA_004011575.1",7962,"Scaffold","Major","Full","2019/01/10","Hunaghe_carp_2.0","Chinese Academy of Fishery Sciences","na","na","https://ftp.ncbi.nlm.nih.gov/genomes/all/GCA/004/011/575/GCA_004011575.1_Hunaghe_carp_2.0","",NA,"na","Eukaryota","Chordata","Actinopteri","Cypriniformes","Cyprinidae","Cyprinus",TRUE,"GCA_004011575.1_Hunaghe_carp_2.0",19.375,12.09375,62.4193548387097,15.0948613345627,50,32,96.8,44.5,52.3,0.6,2.6,3640,"Female"
"Cyprinus carpio","SAMN10617436",6,"na",6,"GCA_004011595.1",7962,"Scaffold","Major","Full","2019/01/10","Hebao_red_carp_1.0","Chinese Academy of Fishery Sciences","na","na","https://ftp.ncbi.nlm.nih.gov/genomes/all/GCA/004/011/595/GCA_004011595.1_Hebao_red_carp_1.0","",NA,"na","Eukaryota","Chordata","Actinopteri","Cypriniformes","Cyprinidae","Cyprinus",TRUE,"GCA_004011595.1_Hebao_red_carp_1.0",19.375,12.09375,62.4193548387097,15.0948613345627,50,32,95.7,47.6,48.1,0.9,3.4,3640,"Female"
"Cyprinus carpio","SAMN17005855",6,"representative genome",6,"GCA_018340385.1",7962,"Chromosome","Major","Full","2021/05/12","ASM1834038v1","Chinese Academy of Fishery Sciences","GCF_018340385.1","different","https://ftp.ncbi.nlm.nih.gov/genomes/all/GCA/018/340/385/GCA_018340385.1_ASM1834038v1","",NA,"na","Eukaryota","Chordata","Actinopteri","Cypriniformes","Cyprinidae","Cyprinus",TRUE,"GCA_018340385.1_ASM1834038v1",19.375,12.09375,62.4193548387097,15.0948613345627,50,32,95.9,47.2,48.7,0.6,3.5,3640,"Unknown"
"Danio rerio","SAMN06930106",15,"reference genome",14,"GCA_000002035.4",7955,"Chromosome","Major","Full","2017/05/09","GRCz11","Genome Reference Consortium","GCF_000002035.6","different","https://ftp.ncbi.nlm.nih.gov/genomes/all/GCA/000/002/035/GCA_000002035.4_GRCz11","",NA,"na","Eukaryota","Chordata","Actinopteri","Cypriniformes","Danionidae","Danio",TRUE,"GCA_000002035.4_GRCz11",5.46666669845581,0.53333330154419,9.75609692273434,0.804155840496134,7,6,95.2,78,17.2,1.1,3.7,3640,"Unknown"
"Danio rerio","SAMEA3146315",15,"na",14,"GCA_000767325.1",7955,"Scaffold","Major","Full","2010/05/24","WGS31","Wellcome Trust Sanger Institute","na","na","https://ftp.ncbi.nlm.nih.gov/genomes/all/GCA/000/767/325/GCA_000767325.1_WGS31","",NA,"na","Eukaryota","Chordata","Actinopteri","Cypriniformes","Danionidae","Danio",TRUE,"GCA_000767325.1_WGS31",5.46666669845581,0.53333330154419,9.75609692273434,0.804155840496134,7,6,90.9,89.5,1.4,2.9,6.2,3640,"Unknown"
"Danio rerio","SAMN03964926",15,"na",14,"GCA_001483285.2",7955,"Scaffold","Major","Full","2022/05/25","CG2v2.0","University of Chicago","na","na","https://ftp.ncbi.nlm.nih.gov/genomes/all/GCA/001/483/285/GCA_001483285.2_CG2v2.0","",NA,"na","Eukaryota","Chordata","Actinopteri","Cypriniformes","Danionidae","Danio",TRUE,"GCA_001483285.2_CG2v2.0",5.46666669845581,0.53333330154419,9.75609692273434,0.804155840496134,7,6,72,71.2,0.8,11.4,16.6,3640,"Male"
"Danio rerio","SAMEA3642453",15,"na",14,"GCA_001487895.1",7955,"Scaffold","Major","Full","2015/12/23","Zebrafish Genome Assembly WGS32","SC","na","na","https://ftp.ncbi.nlm.nih.gov/genomes/all/GCA/001/487/895/GCA_001487895.1_Zebrafish_Genome_Assembly_WGS32","",NA,"na","Eukaryota","Chordata","Actinopteri","Cypriniformes","Danionidae","Danio",TRUE,"GCA_001487895.1_Zebrafish_Genome_Assembly_WGS32",5.46666669845581,0.53333330154419,9.75609692273434,0.804155840496134,7,6,90,88.3,1.7,2.3,7.7,3640,"Unknown"
"Danio rerio","SAMN09717249",15,"na",14,"GCA_008692375.1",7955,"Chromosome","Major","Full","2019/10/07","ASM869237v1","Harvard University","na","na","https://ftp.ncbi.nlm.nih.gov/genomes/all/GCA/008/692/375/GCA_008692375.1_ASM869237v1","",NA,"na","Eukaryota","Chordata","Actinopteri","Cypriniformes","Danionidae","Danio",TRUE,"GCA_008692375.1_ASM869237v1",5.46666669845581,0.53333330154419,9.75609692273434,0.804155840496134,7,6,92,89.5,2.5,1.3,6.7,3640,"Male"
"Danio rerio","SAMN09710566",15,"na",14,"GCA_018400075.1",7955,"Chromosome","Major","Full","2021/05/19","ASM1840007v1","North Carolina State University","na","na","https://ftp.ncbi.nlm.nih.gov/genomes/all/GCA/018/400/075/GCA_018400075.1_ASM1840007v1","",NA,"na","Eukaryota","Chordata","Actinopteri","Cypriniformes","Danionidae","Danio",TRUE,"GCA_018400075.1_ASM1840007v1",5.46666669845581,0.53333330154419,9.75609692273434,0.804155840496134,7,6,92.4,90.9,1.5,1.2,6.4,3640,"Unknown"
"Danio rerio","SAMN20449209",15,"na",14,"GCA_020064045.1",7955,"Contig","Major","Full","2021/09/20","ZF1_MM_RP","University of Kentucky","na","na","https://ftp.ncbi.nlm.nih.gov/genomes/all/GCA/020/064/045/GCA_020064045.1_ZF1_MM_RP","",NA,"na","Eukaryota","Chordata","Actinopteri","Cypriniformes","Danionidae","Danio",TRUE,"GCA_020064045.1_ZF1_MM_RP",5.46666669845581,0.53333330154419,9.75609692273434,0.804155840496134,7,6,95.5,93.9,1.6,0.7,3.8,3640,"Mixed sex"
"Danio rerio","SAMN19519142",15,"na",14,"GCA_020184715.1",7955,"Chromosome","Major","Full","2021/09/30","ASM2018471v1","Institute of Hydrobiology, Chinese Academy of Sciences","na","na","https://ftp.ncbi.nlm.nih.gov/genomes/all/GCA/020/184/715/GCA_020184715.1_ASM2018471v1","",NA,"na","Eukaryota","Chordata","Actinopteri","Cypriniformes","Danionidae","Danio",TRUE,"GCA_020184715.1_ASM2018471v1",5.46666669845581,0.53333330154419,9.75609692273434,0.804155840496134,7,6,96.4,95.1,1.3,0.6,3,3640,"Unknown"
"Danio rerio","SAMEA4760849",15,"na",14,"GCA_903684855.2",7955,"Chromosome","Major","Full","2020/07/31","fDreTuH1.2","SC","na","na","https://ftp.ncbi.nlm.nih.gov/genomes/all/GCA/903/684/855/GCA_903684855.2_fDreTuH1.2","",NA,"na","Eukaryota","Chordata","Actinopteri","Cypriniformes","Danionidae","Danio",TRUE,"GCA_903684855.2_fDreTuH1.2",5.46666669845581,0.53333330154419,9.75609692273434,0.804155840496134,7,6,94.7,93.5,1.2,0.5,4.8,3640,"Female"
"Danio rerio","SAMEA4760846",15,"na",14,"GCA_903684865.1",7955,"Chromosome","Major","Full","2020/06/28","fDreABH1.1","SC","na","na","https://ftp.ncbi.nlm.nih.gov/genomes/all/GCA/903/684/865/GCA_903684865.1_fDreABH1.1","",NA,"na","Eukaryota","Chordata","Actinopteri","Cypriniformes","Danionidae","Danio",TRUE,"GCA_903684865.1_fDreABH1.1",5.46666669845581,0.53333330154419,9.75609692273434,0.804155840496134,7,6,94,92.7,1.3,0.7,5.3,3640,"Male"
"Danio rerio","SAMEA104026434",15,"na",14,"GCA_903798165.1",7955,"Chromosome","Major","Full","2020/06/27","fDreCBz1.1","SC","na","na","https://ftp.ncbi.nlm.nih.gov/genomes/all/GCA/903/798/165/GCA_903798165.1_fDreCBz1.1","",NA,"na","Eukaryota","Chordata","Actinopteri","Cypriniformes","Danionidae","Danio",TRUE,"GCA_903798165.1_fDreCBz1.1",5.46666669845581,0.53333330154419,9.75609692273434,0.804155840496134,7,6,78.4,77.3,1.1,5.9,15.7,3640,"Female"
"Danio rerio","SAMEA104026421",15,"na",14,"GCA_903798175.1",7955,"Chromosome","Major","Full","2020/06/27","fDreNAz1.1","SC","na","na","https://ftp.ncbi.nlm.nih.gov/genomes/all/GCA/903/798/175/GCA_903798175.1_fDreNAz1.1","",NA,"na","Eukaryota","Chordata","Actinopteri","Cypriniformes","Danionidae","Danio",TRUE,"GCA_903798175.1_fDreNAz1.1",5.46666669845581,0.53333330154419,9.75609692273434,0.804155840496134,7,6,80.3,79.1,1.2,5.3,14.4,3640,"Female"
"Danio rerio","SAMEA104026428",15,"na",14,"GCA_903798185.1",7955,"Chromosome","Major","Full","2020/06/28","fDreABz2.1","SC","na","na","https://ftp.ncbi.nlm.nih.gov/genomes/all/GCA/903/798/185/GCA_903798185.1_fDreABz2.1","",NA,"na","Eukaryota","Chordata","Actinopteri","Cypriniformes","Danionidae","Danio",TRUE,"GCA_903798185.1_fDreABz2.1",5.46666669845581,0.53333330154419,9.75609692273434,0.804155840496134,7,6,82.6,81.2,1.4,5,12.4,3640,"Female"
"Danio rerio","SAMEA14088276",15,"na",14,"GCA_944039255.1",7955,"Contig","Major","Full","2022/06/17","fDanRer4.1 alternate haplotype","WELLCOME SANGER INSTITUTE","na","na","https://ftp.ncbi.nlm.nih.gov/genomes/all/GCA/944/039/255/GCA_944039255.1_fDanRer4.1_alternate_haplotype","genome length too small",NA,"na","Eukaryota","Chordata","Actinopteri","Cypriniformes","Danionidae","Danio",TRUE,"GCA_944039255.1_fDanRer4.1_alternate_haplotype",5.46666669845581,0.53333330154419,9.75609692273434,0.804155840496134,7,6,34.3,33.8,0.5,2.2,63.5,3640,NA
"Danio rerio","SAMEA14088276",15,"na",14,"GCA_944039275.1",7955,"Chromosome","Major","Full","2022/06/24","fDanRer4.1","WELLCOME SANGER INSTITUTE","na","na","https://ftp.ncbi.nlm.nih.gov/genomes/all/GCA/944/039/275/GCA_944039275.1_fDanRer4.1","",NA,"na","Eukaryota","Chordata","Actinopteri","Cypriniformes","Danionidae","Danio",TRUE,"GCA_944039275.1_fDanRer4.1",5.46666669845581,0.53333330154419,9.75609692273434,0.804155840496134,7,6,97,95.9,1.1,0.4,2.6,3640,NA
"Gadus morhua","SAMEA3138401",6,"na",6,"GCA_000231765.1",8049,"Scaffold","Major","Full","2011/08/26","GadMor_May2010","Genofisk","na","na","https://ftp.ncbi.nlm.nih.gov/genomes/all/GCA/000/231/765/GCA_000231765.1_GadMor_May2010","",NA,"na","Eukaryota","Chordata","Actinopteri","Gadiformes","Gadidae","Gadus",TRUE,"GCA_000231765.1_GadMor_May2010",18,6.33333333333333,35.1851851851852,7.42967024840268,25,6,NA,NA,NA,NA,NA,NA,"Unknown"
"Gadus morhua","SAMN13876601",6,"na",6,"GCA_010882105.1",8049,"Chromosome","Major","Full","2020/02/21","gadMor_Celtic","CIGENE","na","na","https://ftp.ncbi.nlm.nih.gov/genomes/all/GCA/010/882/105/GCA_010882105.1_gadMor_Celtic","",NA,"na","Eukaryota","Chordata","Actinopteri","Gadiformes","Gadidae","Gadus",TRUE,"GCA_010882105.1_gadMor_Celtic",18,6.33333333333333,35.1851851851852,7.42967024840268,25,6,NA,NA,NA,NA,NA,NA,"Male"
"Gadus morhua","SAMEA4028801",6,"na",6,"GCA_900302565.1",8049,"Scaffold","Major","Full","2018/03/20","ASM90030256v1","CEES","na","na","https://ftp.ncbi.nlm.nih.gov/genomes/all/GCA/900/302/565/GCA_900302565.1_ASM90030256v1","",NA,"na","Eukaryota","Chordata","Actinopteri","Gadiformes","Gadidae","Gadus",TRUE,"GCA_900302565.1_ASM90030256v1",18,6.33333333333333,35.1851851851852,7.42967024840268,25,6,NA,NA,NA,NA,NA,NA,"Unknown"
"Gadus morhua","SAMEA5574046",6,"na",6,"GCA_902167395.1",8049,"Scaffold","Major","Full","2019/07/16","gadMor3.0 alternate haplotype","SC","na","na","https://ftp.ncbi.nlm.nih.gov/genomes/all/GCA/902/167/395/GCA_902167395.1_gadMor3.0_alternate_haplotype","",NA,"na","Eukaryota","Chordata","Actinopteri","Gadiformes","Gadidae","Gadus",TRUE,"GCA_902167395.1_gadMor3.0_alternate_haplotype",18,6.33333333333333,35.1851851851852,7.42967024840268,25,6,NA,NA,NA,NA,NA,NA,"Unknown"
"Gadus morhua","SAMEA5574046",6,"representative genome",6,"GCA_902167405.1",8049,"Chromosome","Major","Full","2019/07/16","gadMor3.0","SC","GCF_902167405.1","different","https://ftp.ncbi.nlm.nih.gov/genomes/all/GCA/902/167/405/GCA_902167405.1_gadMor3.0","",NA,"na","Eukaryota","Chordata","Actinopteri","Gadiformes","Gadidae","Gadus",TRUE,"GCA_902167405.1_gadMor3.0",18,6.33333333333333,35.1851851851852,7.42967024840268,25,6,NA,NA,NA,NA,NA,NA,"Unknown"
"Gadus morhua","SAMEA8110777",6,"na",6,"GCA_905250895.1",8049,"Contig","Major","Full","2021/04/24","gadMor_Stat","University of Oslo","na","na","https://ftp.ncbi.nlm.nih.gov/genomes/all/GCA/905/250/895/GCA_905250895.1_gadMor_Stat","",NA,"na","Eukaryota","Chordata","Actinopteri","Gadiformes","Gadidae","Gadus",TRUE,"GCA_905250895.1_gadMor_Stat",18,6.33333333333333,35.1851851851852,7.42967024840268,25,6,NA,NA,NA,NA,NA,NA,"Unknown"
"Gasterosteus aculeatus","SAMN02981227",6,"na",6,"GCA_000180675.1",69293,"Contig","Major","Full","2006/02/01","ASM18067v1","Broad Institute","na","na","https://ftp.ncbi.nlm.nih.gov/genomes/all/GCA/000/180/675/GCA_000180675.1_ASM18067v1","",NA,"na","Eukaryota","Chordata","Actinopteri","Perciformes","Gasterosteidae","Gasterosteus",FALSE,"GCA_000180675.1_ASM18067v1",4.64000000357628,2.51999999731779,54.3103447279203,2.88021824519755,8,8,91.7,90.5,1.2,2.9,5.4,3640,"Unknown"
"Gasterosteus aculeatus","SAMN11077409",6,"na",6,"GCA_006229165.1",69293,"Scaffold","Major","Full","2019/06/11","NID","Institute of Ecology and Evolution","na","na","https://ftp.ncbi.nlm.nih.gov/genomes/all/GCA/006/229/165/GCA_006229165.1_NID","",NA,"na","Eukaryota","Chordata","Actinopteri","Perciformes","Gasterosteidae","Gasterosteus",FALSE,"GCA_006229165.1_NID",4.64000000357628,2.51999999731779,54.3103447279203,2.88021824519755,8,8,93.4,90.6,2.8,1.9,4.7,3640,"Female"
"Gasterosteus aculeatus","SAMN11077410",6,"na",6,"GCA_006229185.1",69293,"Scaffold","Major","Full","2019/06/11","BOT","Institute of Ecology and Evolution","na","na","https://ftp.ncbi.nlm.nih.gov/genomes/all/GCA/006/229/185/GCA_006229185.1_BOT","",NA,"na","Eukaryota","Chordata","Actinopteri","Perciformes","Gasterosteidae","Gasterosteus",FALSE,"GCA_006229185.1_BOT",4.64000000357628,2.51999999731779,54.3103447279203,2.88021824519755,8,8,92.1,91,1.1,2.7,5.2,3640,"Female"
"Gasterosteus aculeatus","SAMN11077411",6,"na",6,"GCA_006232265.1",69293,"Scaffold","Major","Full","2019/06/11","BAM","Institute of Ecology and Evolution","na","na","https://ftp.ncbi.nlm.nih.gov/genomes/all/GCA/006/232/265/GCA_006232265.1_BAM","",NA,"na","Eukaryota","Chordata","Actinopteri","Perciformes","Gasterosteidae","Gasterosteus",FALSE,"GCA_006232265.1_BAM",4.64000000357628,2.51999999731779,54.3103447279203,2.88021824519755,8,8,84.3,83.2,1.1,5.4,10.3,3640,"Female"
"Gasterosteus aculeatus","SAMN11077408",6,"na",6,"GCA_006232285.1",69293,"Scaffold","Major","Full","2019/06/11","SYL","Institute of Ecology and Evolution","na","na","https://ftp.ncbi.nlm.nih.gov/genomes/all/GCA/006/232/285/GCA_006232285.1_SYL","",NA,"na","Eukaryota","Chordata","Actinopteri","Perciformes","Gasterosteidae","Gasterosteus",FALSE,"GCA_006232285.1_SYL",4.64000000357628,2.51999999731779,54.3103447279203,2.88021824519755,8,8,92.3,91.4,0.9,2.6,5.1,3640,"Female"
"Gasterosteus aculeatus","SAMN13473121",6,"na",6,"GCA_017751045.1",69293,"Chromosome","Major","Partial","2021/04/05","ASM1775104v1","University of Georgia","na","na","https://ftp.ncbi.nlm.nih.gov/genomes/all/GCA/017/751/045/GCA_017751045.1_ASM1775104v1","partial",NA,"na","Eukaryota","Chordata","Actinopteri","Perciformes","Gasterosteidae","Gasterosteus",FALSE,"GCA_017751045.1_ASM1775104v1",4.64000000357628,2.51999999731779,54.3103447279203,2.88021824519755,8,8,1.6,1.6,0,0.1,98.3,3640,"Male"
"Larimichthys crocea","SAMN02630636",6,"na",6,"GCA_000742935.1",215358,"Scaffold","Major","Full","2014/08/22","ASM74293v1","Zhejiang Ocean University","GCF_000742935.1","different","https://ftp.ncbi.nlm.nih.gov/genomes/all/GCA/000/742/935/GCA_000742935.1_ASM74293v1","superseded by newer assembly for species",NA,"na","Eukaryota","Chordata","Actinopteri","Unknown","Sciaenidae","Larimichthys",TRUE,"GCA_000742935.1_ASM74293v1",14.25,5.25,36.8421052631579,6.23832242407097,21,4,95.9,95,0.9,1.2,2.9,3640,"Female"
"Larimichthys crocea","SAMN03092871",6,"representative genome",6,"GCA_000972845.2",215358,"Chromosome","Major","Full","2018/11/27","L_crocea_2.0","BGI","GCF_000972845.2","different","https://ftp.ncbi.nlm.nih.gov/genomes/all/GCA/000/972/845/GCA_000972845.2_L_crocea_2.0","",NA,"na","Eukaryota","Chordata","Actinopteri","Unknown","Sciaenidae","Larimichthys",TRUE,"GCA_000972845.2_L_crocea_2.0",14.25,5.25,36.8421052631579,6.23832242407097,21,4,97.7,96.8,0.9,0.4,1.9,3640,"Female"
"Larimichthys crocea","SAMN10077518",6,"na",6,"GCA_003711585.2",215358,"Chromosome","Major","Full","2019/11/14","ASM371158v2","Frasergen bioinfomatics","na","na","https://ftp.ncbi.nlm.nih.gov/genomes/all/GCA/003/711/585/GCA_003711585.2_ASM371158v2","",NA,"na","Eukaryota","Chordata","Actinopteri","Unknown","Sciaenidae","Larimichthys",TRUE,"GCA_003711585.2_ASM371158v2",14.25,5.25,36.8421052631579,6.23832242407097,21,4,96.2,94,2.2,0.6,3.2,3640,"Female"
"Larimichthys crocea","SAMN10434301",6,"na",6,"GCA_003845795.1",215358,"Chromosome","Major","Full","2018/11/27","LCFGL_HiC_1.0","Fujian Fuding Seagull Fishing Food Co.","na","na","https://ftp.ncbi.nlm.nih.gov/genomes/all/GCA/003/845/795/GCA_003845795.1_LCFGL_HiC_1.0","",NA,"na","Eukaryota","Chordata","Actinopteri","Unknown","Sciaenidae","Larimichthys",TRUE,"GCA_003845795.1_LCFGL_HiC_1.0",14.25,5.25,36.8421052631579,6.23832242407097,21,4,94.6,92.2,2.4,1,4.4,3640,"Female"
"Larimichthys crocea","SAMN09701101",6,"na",6,"GCA_004352675.2",215358,"Chromosome","Major","Full","2020/06/24","ASM435267v2","Jimei University","na","na","https://ftp.ncbi.nlm.nih.gov/genomes/all/GCA/004/352/675/GCA_004352675.2_ASM435267v2","",NA,"na","Eukaryota","Chordata","Actinopteri","Unknown","Sciaenidae","Larimichthys",TRUE,"GCA_004352675.2_ASM435267v2",14.25,5.25,36.8421052631579,6.23832242407097,21,4,96.2,94,2.2,0.7,3.1,3640,"Female"
"Larimichthys crocea","SAMEA104455074",6,"na",6,"GCA_900246015.1",215358,"Chromosome","Major","Full","2018/01/18","Larimichthys_crocea_chromosome_1.0","JIMEI UNIVERSITY","na","na","https://ftp.ncbi.nlm.nih.gov/genomes/all/GCA/900/246/015/GCA_900246015.1_Larimichthys_crocea_chromosome_1.0","",NA,"na","Eukaryota","Chordata","Actinopteri","Unknown","Sciaenidae","Larimichthys",TRUE,"GCA_900246015.1_Larimichthys_crocea_chromosome_1.0",14.25,5.25,36.8421052631579,6.23832242407097,21,4,67.2,62.9,4.3,5.9,26.9,3640,"Female"
"Oryzias latipes","SAMD00036522",20,"na",18,"GCA_000151825.1",8090,"Scaffold","Major","Full","2007/04/26","ASM15182v1","Medaka genome sequencing project","na","na","https://ftp.ncbi.nlm.nih.gov/genomes/all/GCA/000/151/825/GCA_000151825.1_ASM15182v1","",NA,"na","Eukaryota","Chordata","Actinopteri","Beloniformes","Adrianichthyidae","Oryzias",TRUE,"GCA_000151825.1_ASM15182v1",5.66666666666667,1.55555555555556,27.4509803921569,2.08166599946613,8,3,45.2,44.6,0.6,13.6,41.2,3640,"Unknown"
"Oryzias latipes","SAMD00036523",20,"na",18,"GCA_000313675.1",8090,"Chromosome","Major","Full","2007/05/09","ASM31367v1","Medaka genome sequencing project","GCF_000313675.1","different","https://ftp.ncbi.nlm.nih.gov/genomes/all/GCA/000/313/675/GCA_000313675.1_ASM31367v1","superseded by newer assembly for species",NA,"na","Eukaryota","Chordata","Actinopteri","Beloniformes","Adrianichthyidae","Oryzias",TRUE,"GCA_000313675.1_ASM31367v1",5.66666666666667,1.55555555555556,27.4509803921569,2.08166599946613,8,3,92.9,92,0.9,1.5,5.6,3640,"Unknown"
"Oryzias latipes","SAMN06689957",20,"representative genome",18,"GCA_002234675.1",8090,"Chromosome","Major","Full","2017/07/27","ASM223467v1","The University of Tokyo","GCF_002234675.1","different","https://ftp.ncbi.nlm.nih.gov/genomes/all/GCA/002/234/675/GCA_002234675.1_ASM223467v1","",NA,"na","Eukaryota","Chordata","Actinopteri","Beloniformes","Adrianichthyidae","Oryzias",TRUE,"GCA_002234675.1_ASM223467v1",5.66666666666667,1.55555555555556,27.4509803921569,2.08166599946613,8,3,96,95.3,0.7,0.5,3.5,3640,"Male"
"Oryzias latipes","SAMN06690114",20,"na",18,"GCA_002234695.1",8090,"Chromosome","Major","Full","2017/07/27","ASM223469v1","The University of Tokyo","na","na","https://ftp.ncbi.nlm.nih.gov/genomes/all/GCA/002/234/695/GCA_002234695.1_ASM223469v1","",NA,"na","Eukaryota","Chordata","Actinopteri","Beloniformes","Adrianichthyidae","Oryzias",TRUE,"GCA_002234695.1_ASM223469v1",5.66666666666667,1.55555555555556,27.4509803921569,2.08166599946613,8,3,94.7,93.8,0.9,0.5,4.8,3640,"Male"
"Oryzias latipes","SAMN06690114",20,"na",18,"GCA_004348095.1",8090,"Chromosome","Major","Full","2019/03/15","ASM434809v1","The University of Tokyo","na","na","https://ftp.ncbi.nlm.nih.gov/genomes/all/GCA/004/348/095/GCA_004348095.1_ASM434809v1","",NA,"na","Eukaryota","Chordata","Actinopteri","Beloniformes","Adrianichthyidae","Oryzias",TRUE,"GCA_004348095.1_ASM434809v1",5.66666666666667,1.55555555555556,27.4509803921569,2.08166599946613,8,3,96.5,95.5,1,0.6,2.9,3640,"Male"
"Oryzias latipes","SAMN06689975",20,"na",18,"GCA_002234715.1",8090,"Chromosome","Major","Full","2017/07/27","ASM223471v1","The University of Tokyo","na","na","https://ftp.ncbi.nlm.nih.gov/genomes/all/GCA/002/234/715/GCA_002234715.1_ASM223471v1","",NA,"na","Eukaryota","Chordata","Actinopteri","Beloniformes","Adrianichthyidae","Oryzias",TRUE,"GCA_002234715.1_ASM223471v1",5.66666666666667,1.55555555555556,27.4509803921569,2.08166599946613,8,3,92.8,92,0.8,0.7,6.5,3640,"Male"
"Oryzias latipes","SAMN06689975",20,"na",18,"GCA_004348135.1",8090,"Chromosome","Major","Full","2019/03/15","ASM434813v1","The University of Tokyo","na","na","https://ftp.ncbi.nlm.nih.gov/genomes/all/GCA/004/348/135/GCA_004348135.1_ASM434813v1","",NA,"na","Eukaryota","Chordata","Actinopteri","Beloniformes","Adrianichthyidae","Oryzias",TRUE,"GCA_004348135.1_ASM434813v1",5.66666666666667,1.55555555555556,27.4509803921569,2.08166599946613,8,3,96.1,95.3,0.8,0.7,3.2,3640,"Male"
"Oryzias latipes","SAMN06689957",20,"na",18,"GCA_004347445.1",8090,"Chromosome","Major","Full","2019/03/15","ASM434744v1","The University of Tokyo","na","na","https://ftp.ncbi.nlm.nih.gov/genomes/all/GCA/004/347/445/GCA_004347445.1_ASM434744v1","",NA,"na","Eukaryota","Chordata","Actinopteri","Beloniformes","Adrianichthyidae","Oryzias",TRUE,"GCA_004347445.1_ASM434744v1",5.66666666666667,1.55555555555556,27.4509803921569,2.08166599946613,8,3,96.8,95.9,0.9,0.4,2.8,3640,"Male"
"Oryzias latipes","SAMEA8062570",20,"na",18,"GCA_905309105.1",8090,"Contig","Major","Full","2021/03/21","MIKK_7-2_draft_assembly","EMBL-EBI","na","na","https://ftp.ncbi.nlm.nih.gov/genomes/all/GCA/905/309/105/GCA_905309105.1_MIKK_7-2_draft_assembly","",NA,"na","Eukaryota","Chordata","Actinopteri","Beloniformes","Adrianichthyidae","Oryzias",TRUE,"GCA_905309105.1_MIKK_7-2_draft_assembly",5.66666666666667,1.55555555555556,27.4509803921569,2.08166599946613,8,3,23.2,23.1,0.1,6.4,70.4,3640,"Unknown"
"Oryzias latipes","SAMEA8062574",20,"na",18,"GCA_905309355.1",8090,"Contig","Major","Full","2021/03/21","MIKK_80-1_draft_assembly","EMBL-EBI","na","na","https://ftp.ncbi.nlm.nih.gov/genomes/all/GCA/905/309/355/GCA_905309355.1_MIKK_80-1_draft_assembly","",NA,"na","Eukaryota","Chordata","Actinopteri","Beloniformes","Adrianichthyidae","Oryzias",TRUE,"GCA_905309355.1_MIKK_80-1_draft_assembly",5.66666666666667,1.55555555555556,27.4509803921569,2.08166599946613,8,3,8.9,8.9,0,4.7,86.4,3640,"Unknown"
"Oryzias latipes","SAMEA8062569",20,"na",18,"GCA_905309365.1",8090,"Contig","Major","Full","2021/03/21","MIKK_7-1_draft_assembly","EMBL-EBI","na","na","https://ftp.ncbi.nlm.nih.gov/genomes/all/GCA/905/309/365/GCA_905309365.1_MIKK_7-1_draft_assembly","",NA,"na","Eukaryota","Chordata","Actinopteri","Beloniformes","Adrianichthyidae","Oryzias",TRUE,"GCA_905309365.1_MIKK_7-1_draft_assembly",5.66666666666667,1.55555555555556,27.4509803921569,2.08166599946613,8,3,24.1,24,0.1,7.3,68.6,3640,"Unknown"
"Oryzias latipes","SAMEA8062563",20,"na",18,"GCA_905309375.1",8090,"Contig","Major","Full","2021/03/21","MIKK_117-2_draft_assembly","EMBL-EBI","na","na","https://ftp.ncbi.nlm.nih.gov/genomes/all/GCA/905/309/375/GCA_905309375.1_MIKK_117-2_draft_assembly","",NA,"na","Eukaryota","Chordata","Actinopteri","Beloniformes","Adrianichthyidae","Oryzias",TRUE,"GCA_905309375.1_MIKK_117-2_draft_assembly",5.66666666666667,1.55555555555556,27.4509803921569,2.08166599946613,8,3,31.5,31.1,0.4,6.4,62.1,3640,"Unknown"
"Oryzias latipes","SAMEA8062564",20,"na",18,"GCA_905309385.1",8090,"Contig","Major","Full","2021/03/21","MIKK_131-1_draft_assembly","EMBL-EBI","na","na","https://ftp.ncbi.nlm.nih.gov/genomes/all/GCA/905/309/385/GCA_905309385.1_MIKK_131-1_draft_assembly","",NA,"na","Eukaryota","Chordata","Actinopteri","Beloniformes","Adrianichthyidae","Oryzias",TRUE,"GCA_905309385.1_MIKK_131-1_draft_assembly",5.66666666666667,1.55555555555556,27.4509803921569,2.08166599946613,8,3,32.3,32.2,0.1,7.3,60.4,3640,"Unknown"
"Oryzias latipes","SAMEA8062568",20,"na",18,"GCA_905309395.1",8090,"Contig","Major","Full","2021/03/21","MIKK_4-2_draft_assembly","EMBL-EBI","na","na","https://ftp.ncbi.nlm.nih.gov/genomes/all/GCA/905/309/395/GCA_905309395.1_MIKK_4-2_draft_assembly","",NA,"na","Eukaryota","Chordata","Actinopteri","Beloniformes","Adrianichthyidae","Oryzias",TRUE,"GCA_905309395.1_MIKK_4-2_draft_assembly",5.66666666666667,1.55555555555556,27.4509803921569,2.08166599946613,8,3,25.9,25.7,0.2,6.2,67.9,3640,"Unknown"
"Oryzias latipes","SAMEA8062567",20,"na",18,"GCA_905309405.1",8090,"Contig","Major","Full","2021/03/21","MIKK_4-1_draft_assembly","EMBL-EBI","na","na","https://ftp.ncbi.nlm.nih.gov/genomes/all/GCA/905/309/405/GCA_905309405.1_MIKK_4-1_draft_assembly","",NA,"na","Eukaryota","Chordata","Actinopteri","Beloniformes","Adrianichthyidae","Oryzias",TRUE,"GCA_905309405.1_MIKK_4-1_draft_assembly",5.66666666666667,1.55555555555556,27.4509803921569,2.08166599946613,8,3,20.3,20.1,0.2,6.4,73.3,3640,"Unknown"
"Oryzias latipes","SAMEA8062572",20,"na",18,"GCA_905309415.1",8090,"Contig","Major","Full","2021/03/21","MIKK_69-1_draft_assembly","EMBL-EBI","na","na","https://ftp.ncbi.nlm.nih.gov/genomes/all/GCA/905/309/415/GCA_905309415.1_MIKK_69-1_draft_assembly","",NA,"na","Eukaryota","Chordata","Actinopteri","Beloniformes","Adrianichthyidae","Oryzias",TRUE,"GCA_905309415.1_MIKK_69-1_draft_assembly",5.66666666666667,1.55555555555556,27.4509803921569,2.08166599946613,8,3,14.5,14.4,0.1,5.8,79.7,3640,"Unknown"
"Oryzias latipes","SAMEA8062571",20,"na",18,"GCA_905309425.1",8090,"Contig","Major","Full","2021/03/21","MIKK_11-1_draft_assembly","EMBL-EBI","na","na","https://ftp.ncbi.nlm.nih.gov/genomes/all/GCA/905/309/425/GCA_905309425.1_MIKK_11-1_draft_assembly","",NA,"na","Eukaryota","Chordata","Actinopteri","Beloniformes","Adrianichthyidae","Oryzias",TRUE,"GCA_905309425.1_MIKK_11-1_draft_assembly",5.66666666666667,1.55555555555556,27.4509803921569,2.08166599946613,8,3,12.1,12,0.1,4.8,83.1,3640,"Unknown"
"Oryzias latipes","SAMEA8062573",20,"na",18,"GCA_905309435.1",8090,"Contig","Major","Full","2021/03/21","MIKK_79-2_draft_assembly","EMBL-EBI","na","na","https://ftp.ncbi.nlm.nih.gov/genomes/all/GCA/905/309/435/GCA_905309435.1_MIKK_79-2_draft_assembly","",NA,"na","Eukaryota","Chordata","Actinopteri","Beloniformes","Adrianichthyidae","Oryzias",TRUE,"GCA_905309435.1_MIKK_79-2_draft_assembly",5.66666666666667,1.55555555555556,27.4509803921569,2.08166599946613,8,3,17.5,17.4,0.1,5.5,77,3640,"Unknown"
"Oryzias latipes","SAMEA8062565",20,"na",18,"GCA_905309455.1",8090,"Contig","Major","Full","2021/03/21","MIKK_134-1_draft_assembly","EMBL-EBI","na","na","https://ftp.ncbi.nlm.nih.gov/genomes/all/GCA/905/309/455/GCA_905309455.1_MIKK_134-1_draft_assembly","",NA,"na","Eukaryota","Chordata","Actinopteri","Beloniformes","Adrianichthyidae","Oryzias",TRUE,"GCA_905309455.1_MIKK_134-1_draft_assembly",5.66666666666667,1.55555555555556,27.4509803921569,2.08166599946613,8,3,26.5,26.3,0.2,6.7,66.8,3640,"Unknown"
"Oryzias latipes","SAMEA8062566",20,"na",18,"GCA_905309465.1",8090,"Contig","Major","Full","2021/03/21","MIKK_134-2_draft_assembly","EMBL-EBI","na","na","https://ftp.ncbi.nlm.nih.gov/genomes/all/GCA/905/309/465/GCA_905309465.1_MIKK_134-2_draft_assembly","",NA,"na","Eukaryota","Chordata","Actinopteri","Beloniformes","Adrianichthyidae","Oryzias",TRUE,"GCA_905309465.1_MIKK_134-2_draft_assembly",5.66666666666667,1.55555555555556,27.4509803921569,2.08166599946613,8,3,34.8,34.6,0.2,7.1,58.1,3640,"Unknown"
"Salmo salar","SAMN02749551",14,"na",14,"GCA_000233375.4",8030,"Chromosome","Major","Full","2015/06/10","ICSASG_v2","International Cooperation to Sequence the Atlantic Salmon Genome","GCF_000233375.1","different","https://ftp.ncbi.nlm.nih.gov/genomes/all/GCA/000/233/375/GCA_000233375.4_ICSASG_v2","superseded by newer assembly for species",NA,"na","Eukaryota","Chordata","Actinopteri","Salmoniformes","Salmonidae","Salmo",TRUE,"GCA_000233375.4_ICSASG_v2",8.39999999470181,4.31111111582061,51.322751411188,4.68694997421529,14,9,92.7,61.5,31.2,2.3,5,3640,"Female"
"Salmo salar","SAMN21173715",14,"na",14,"GCA_021399835.1",8030,"Chromosome","Major","Full","2022/01/12","USDA_NASsal_1.1","USDA/ARS","na","na","https://ftp.ncbi.nlm.nih.gov/genomes/all/GCA/021/399/835/GCA_021399835.1_USDA_NASsal_1.1","",NA,"na","Eukaryota","Chordata","Actinopteri","Salmoniformes","Salmonidae","Salmo",TRUE,"GCA_021399835.1_USDA_NASsal_1.1",8.39999999470181,4.31111111582061,51.322751411188,4.68694997421529,14,9,NA,NA,NA,NA,NA,NA,"Male"
"Salmo salar","SAMEA8062739",14,"representative genome",14,"GCA_905237065.2",8030,"Chromosome","Major","Full","2021/04/21","Ssal_v3.1","NORWEGIAN UNIVERSITY OF LIFE SCIENCES","GCF_905237065.1","identical","https://ftp.ncbi.nlm.nih.gov/genomes/all/GCA/905/237/065/GCA_905237065.2_Ssal_v3.1","",NA,"na","Eukaryota","Chordata","Actinopteri","Salmoniformes","Salmonidae","Salmo",TRUE,"GCA_905237065.2_Ssal_v3.1",8.39999999470181,4.31111111582061,51.322751411188,4.68694997421529,14,9,NA,NA,NA,NA,NA,NA,"Male"
"Salmo salar","SAMEA7494063",14,"na",14,"GCA_905477595.1",8030,"Contig","Major","Full","2021/04/15","MSS_MAG_01","CENTER FOR EVOLUTIONARY HOLOGENOMICS","na","na","https://ftp.ncbi.nlm.nih.gov/genomes/all/GCA/905/477/595/GCA_905477595.1_MSS_MAG_01","genome length too small",NA,"na","Eukaryota","Chordata","Actinopteri","Salmoniformes","Salmonidae","Salmo",TRUE,"GCA_905477595.1_MSS_MAG_01",8.39999999470181,4.31111111582061,51.322751411188,4.68694997421529,14,9,NA,NA,NA,NA,NA,NA,"Unknown"
"Salmo salar","SAMEA11973779",14,"na",14,"GCA_923944775.1",8030,"Chromosome","Major","Full","2022/04/01","Ssal_Brian_v1.0","NORWEGIAN UNIVERSITY OF LIFE SCIENCES","na","na","https://ftp.ncbi.nlm.nih.gov/genomes/all/GCA/923/944/775/GCA_923944775.1_Ssal_Brian_v1.0","",NA,"na","Eukaryota","Chordata","Actinopteri","Salmoniformes","Salmonidae","Salmo",TRUE,"GCA_923944775.1_Ssal_Brian_v1.0",8.39999999470181,4.31111111582061,51.322751411188,4.68694997421529,14,9,NA,NA,NA,NA,NA,NA,"Male"
"Salmo salar","SAMEA13013391",14,"na",14,"GCA_931345325.1",8030,"Scaffold","Major","Full","2022/03/05","Ssal_GARN-2_v1.0","NORWEGIAN UNIVERSITY OF LIFE SCIENCES","na","na","https://ftp.ncbi.nlm.nih.gov/genomes/all/GCA/931/345/325/GCA_931345325.1_Ssal_GARN-2_v1.0","",NA,"na","Eukaryota","Chordata","Actinopteri","Salmoniformes","Salmonidae","Salmo",TRUE,"GCA_931345325.1_Ssal_GARN-2_v1.0",8.39999999470181,4.31111111582061,51.322751411188,4.68694997421529,14,9,95.6,63.2,32.4,1,3.4,3640,"Male"
"Salmo salar","SAMEA13013389",14,"na",14,"GCA_931345555.1",8030,"Scaffold","Major","Full","2022/03/05","Ssal_PERU_v1.0","NORWEGIAN UNIVERSITY OF LIFE SCIENCES","na","na","https://ftp.ncbi.nlm.nih.gov/genomes/all/GCA/931/345/555/GCA_931345555.1_Ssal_PERU_v1.0","",NA,"na","Eukaryota","Chordata","Actinopteri","Salmoniformes","Salmonidae","Salmo",TRUE,"GCA_931345555.1_Ssal_PERU_v1.0",8.39999999470181,4.31111111582061,51.322751411188,4.68694997421529,14,9,96.3,62,34.3,0.6,3.1,3640,"Male"
"Salmo salar","SAMEA13013388",14,"na",14,"GCA_931345645.1",8030,"Scaffold","Major","Full","2022/03/05","Ssal_OULO_v1.0","NORWEGIAN UNIVERSITY OF LIFE SCIENCES","na","na","https://ftp.ncbi.nlm.nih.gov/genomes/all/GCA/931/345/645/GCA_931345645.1_Ssal_OULO_v1.0","",NA,"na","Eukaryota","Chordata","Actinopteri","Salmoniformes","Salmonidae","Salmo",TRUE,"GCA_931345645.1_Ssal_OULO_v1.0",8.39999999470181,4.31111111582061,51.322751411188,4.68694997421529,14,9,95.8,61.4,34.4,0.7,3.5,3640,"Male"
"Salmo salar","SAMEA13013357",14,"na",14,"GCA_931345835.1",8030,"Scaffold","Major","Full","2022/03/05","Ssal_GLOP_v1.0","NORWEGIAN UNIVERSITY OF LIFE SCIENCES","na","na","https://ftp.ncbi.nlm.nih.gov/genomes/all/GCA/931/345/835/GCA_931345835.1_Ssal_GLOP_v1.0","",NA,"na","Eukaryota","Chordata","Actinopteri","Salmoniformes","Salmonidae","Salmo",TRUE,"GCA_931345835.1_Ssal_GLOP_v1.0",8.39999999470181,4.31111111582061,51.322751411188,4.68694997421529,14,9,95.7,61.5,34.2,0.8,3.5,3640,"Male"
"Salmo salar","SAMEA13013360",14,"na",14,"GCA_931345925.1",8030,"Scaffold","Major","Full","2022/03/05","Ssal_TANA_v1.0","NORWEGIAN UNIVERSITY OF LIFE SCIENCES","na","na","https://ftp.ncbi.nlm.nih.gov/genomes/all/GCA/931/345/925/GCA_931345925.1_Ssal_TANA_v1.0","",NA,"na","Eukaryota","Chordata","Actinopteri","Salmoniformes","Salmonidae","Salmo",TRUE,"GCA_931345925.1_Ssal_TANA_v1.0",8.39999999470181,4.31111111582061,51.322751411188,4.68694997421529,14,9,95.9,61.3,34.6,0.8,3.3,3640,"Male"
"Salmo salar","SAMEA13013358",14,"na",14,"GCA_931345955.1",8030,"Scaffold","Major","Full","2022/03/05","Ssal_ARUN_v1.0","NORWEGIAN UNIVERSITY OF LIFE SCIENCES","na","na","https://ftp.ncbi.nlm.nih.gov/genomes/all/GCA/931/345/955/GCA_931345955.1_Ssal_ARUN_v1.0","",NA,"na","Eukaryota","Chordata","Actinopteri","Salmoniformes","Salmonidae","Salmo",TRUE,"GCA_931345955.1_Ssal_ARUN_v1.0",8.39999999470181,4.31111111582061,51.322751411188,4.68694997421529,14,9,96,61.7,34.3,0.8,3.2,3640,"Male"
"Salmo salar","SAMEA13013359",14,"na",14,"GCA_931346935.2",8030,"Chromosome","Major","Full","2022/05/11","Ssal_ALTA","NORWEGIAN UNIVERSITY OF LIFE SCIENCES","na","na","https://ftp.ncbi.nlm.nih.gov/genomes/all/GCA/931/346/935/GCA_931346935.2_Ssal_ALTA","",NA,"na","Eukaryota","Chordata","Actinopteri","Salmoniformes","Salmonidae","Salmo",TRUE,"GCA_931346935.2_Ssal_ALTA",8.39999999470181,4.31111111582061,51.322751411188,4.68694997421529,14,9,96.5,59.6,36.9,0.5,3,3640,"Male"
"Salmo salar","SAMEA13013361",14,"na",14,"GCA_931347365.1",8030,"Scaffold","Major","Full","2022/03/05","Ssal_FROM_v1.0","NORWEGIAN UNIVERSITY OF LIFE SCIENCES","na","na","https://ftp.ncbi.nlm.nih.gov/genomes/all/GCA/931/347/365/GCA_931347365.1_Ssal_FROM_v1.0","",NA,"na","Eukaryota","Chordata","Actinopteri","Salmoniformes","Salmonidae","Salmo",TRUE,"GCA_931347365.1_Ssal_FROM_v1.0",8.39999999470181,4.31111111582061,51.322751411188,4.68694997421529,14,9,92.1,65.2,26.9,1.5,6.4,3640,"Male"
"Salmo salar","SAMEA13013390",14,"na",14,"GCA_931347555.1",8030,"Scaffold","Major","Full","2022/03/05","Ssal_SEBA_v1.0","NORWEGIAN UNIVERSITY OF LIFE SCIENCES","na","na","https://ftp.ncbi.nlm.nih.gov/genomes/all/GCA/931/347/555/GCA_931347555.1_Ssal_SEBA_v1.0","",NA,"na","Eukaryota","Chordata","Actinopteri","Salmoniformes","Salmonidae","Salmo",TRUE,"GCA_931347555.1_Ssal_SEBA_v1.0",8.39999999470181,4.31111111582061,51.322751411188,4.68694997421529,14,9,95.8,62.2,33.6,0.7,3.5,3640,"Female"
"Scleropages formosus","SAMN02592717",8,"na",8,"GCA_001005745.2",113540,"Scaffold","Major","Full","2015/10/13","aro_v2","Monash University Malaysia","na","na","https://ftp.ncbi.nlm.nih.gov/genomes/all/GCA/001/005/745/GCA_001005745.2_aro_v2","",NA,"na","Eukaryota","Chordata","Actinopteri","Osteoglossiformes","Osteoglossidae","Scleropages",TRUE,"GCA_001005745.2_aro_v2",13,5,38.4615384615385,7.07106781186548,18,2,88.3,86.5,1.8,4,7.7,3640,"Unknown"
"Scleropages formosus","SAMN03894453",8,"na",8,"GCA_001624245.1",113540,"Scaffold","Major","Full","2016/04/20","ASM162424v1","BGI-SZ","na","na","https://ftp.ncbi.nlm.nih.gov/genomes/all/GCA/001/624/245/GCA_001624245.1_ASM162424v1","",NA,"na","Eukaryota","Chordata","Actinopteri","Osteoglossiformes","Osteoglossidae","Scleropages",TRUE,"GCA_001624245.1_ASM162424v1",13,5,38.4615384615385,7.07106781186548,18,2,96.2,93.8,2.4,0.5,3.3,3640,"Male"
"Scleropages formosus","SAMN03894452",8,"na",8,"GCA_001624255.1",113540,"Scaffold","Major","Full","2016/04/20","ASM162425v1","BGI-SZ","na","na","https://ftp.ncbi.nlm.nih.gov/genomes/all/GCA/001/624/255/GCA_001624255.1_ASM162425v1","",NA,"na","Eukaryota","Chordata","Actinopteri","Osteoglossiformes","Osteoglossidae","Scleropages",TRUE,"GCA_001624255.1_ASM162425v1",13,5,38.4615384615385,7.07106781186548,18,2,95.6,93.2,2.4,0.6,3.8,3640,"Male"
"Scleropages formosus","SAMN03894411",8,"na",8,"GCA_001624265.1",113540,"Scaffold","Major","Full","2016/04/20","ASM162426v1","BGI-SZ","GCF_001624265.1","different","https://ftp.ncbi.nlm.nih.gov/genomes/all/GCA/001/624/265/GCA_001624265.1_ASM162426v1","superseded by newer assembly for species",NA,"na","Eukaryota","Chordata","Actinopteri","Osteoglossiformes","Osteoglossidae","Scleropages",TRUE,"GCA_001624265.1_ASM162426v1",13,5,38.4615384615385,7.07106781186548,18,2,95.2,93,2.2,1.1,3.7,3640,"Male"
"Scleropages formosus","SAMN26279940",8,"na",8,"GCA_023634345.2",113540,"Chromosome","Major","Full","2022/08/15","ASM2363434v2","Shenzhen Key Lab of Marine Genomics","na","na","https://ftp.ncbi.nlm.nih.gov/genomes/all/GCA/023/634/345/GCA_023634345.2_ASM2363434v2","",NA,"na","Eukaryota","Chordata","Actinopteri","Osteoglossiformes","Osteoglossidae","Scleropages",TRUE,"GCA_023634345.2_ASM2363434v2",13,5,38.4615384615385,7.07106781186548,18,2,95.8,93.4,2.4,0.7,3.5,3640,"Male"
"Scleropages formosus","SAMN26278492",8,"na",8,"GCA_023634425.1",113540,"Chromosome","Major","Full","2022/06/02","ASM2363442v1","Shenzhen Key Lab of Marine Genomics","na","na","https://ftp.ncbi.nlm.nih.gov/genomes/all/GCA/023/634/425/GCA_023634425.1_ASM2363442v1","",NA,"na","Eukaryota","Chordata","Actinopteri","Osteoglossiformes","Osteoglossidae","Scleropages",TRUE,"GCA_023634425.1_ASM2363442v1",13,5,38.4615384615385,7.07106781186548,18,2,95.9,93.2,2.7,0.6,3.5,3640,"Female"
"Scleropages formosus","SAMEA4872123",8,"representative genome",8,"GCA_900964775.1",113540,"Chromosome","Major","Full","2019/04/11","fSclFor1.1","SC","GCF_900964775.1","different","https://ftp.ncbi.nlm.nih.gov/genomes/all/GCA/900/964/775/GCA_900964775.1_fSclFor1.1","",NA,"na","Eukaryota","Chordata","Actinopteri","Osteoglossiformes","Osteoglossidae","Scleropages",TRUE,"GCA_900964775.1_fSclFor1.1",13,5,38.4615384615385,7.07106781186548,18,2,96.5,93.9,2.6,0.5,3,3640,"Unknown"
"Scleropages formosus","SAMEA4872123",8,"na",8,"GCA_900964985.2",113540,"Scaffold","Major","Full","2019/04/11","fSclFor1.1 alternate haplotype","SC","na","na","https://ftp.ncbi.nlm.nih.gov/genomes/all/GCA/900/964/985/GCA_900964985.2_fSclFor1.1_alternate_haplotype","",NA,"na","Eukaryota","Chordata","Actinopteri","Osteoglossiformes","Osteoglossidae","Scleropages",TRUE,"GCA_900964985.2_fSclFor1.1_alternate_haplotype",13,5,38.4615384615385,7.07106781186548,18,2,93.3,90.5,2.8,0.9,5.8,3640,"Unknown"
"Scophthalmus maximus","SAMN08049846",6,"na",6,"GCA_003186165.1",52904,"Chromosome","Major","Full","2018/06/05","ASM318616v1","CNAG","na","na","https://ftp.ncbi.nlm.nih.gov/genomes/all/GCA/003/186/165/GCA_003186165.1_ASM318616v1","",NA,"na","Eukaryota","Chordata","Actinopteri","Pleuronectiformes","Scophthalmidae","Scophthalmus",TRUE,"GCA_003186165.1_ASM318616v1",16.1666669050853,9.30000027020774,57.5257740189006,10.3679637607929,26,6,96.2,95.2,1,0.6,3.2,3640,"Unknown"
"Scophthalmus maximus","SAMN11618026",6,"na",6,"GCA_006346445.1",52904,"Scaffold","Major","Full","2019/06/14","Turbot_ysfricsl_Female_v1.0","Yellow Sea Fisheries Research Institute","na","na","https://ftp.ncbi.nlm.nih.gov/genomes/all/GCA/006/346/445/GCA_006346445.1_Turbot_ysfricsl_Female_v1.0","",NA,"na","Eukaryota","Chordata","Actinopteri","Pleuronectiformes","Scophthalmidae","Scophthalmus",TRUE,"GCA_006346445.1_Turbot_ysfricsl_Female_v1.0",16.1666669050853,9.30000027020774,57.5257740189006,10.3679637607929,26,6,96.6,95.4,1.2,0.8,2.6,3640,"Female"
"Scophthalmus maximus","SAMN11618027",6,"na",6,"GCA_006346465.1",52904,"Scaffold","Major","Full","2019/06/14","ASM634646v1","Yellow Sea Fisheries Research Institute","na","na","https://ftp.ncbi.nlm.nih.gov/genomes/all/GCA/006/346/465/GCA_006346465.1_ASM634646v1","",NA,"na","Eukaryota","Chordata","Actinopteri","Pleuronectiformes","Scophthalmidae","Scophthalmus",TRUE,"GCA_006346465.1_ASM634646v1",16.1666669050853,9.30000027020774,57.5257740189006,10.3679637607929,26,6,97.6,96.2,1.4,0.4,2,3640,"Male"
"Scophthalmus maximus","SAMN05890600",6,"na",6,"GCA_009764425.1",52904,"Scaffold","Major","Full","2019/12/18","turbot","Yellow Sea Fisheries Research Institute","na","na","https://ftp.ncbi.nlm.nih.gov/genomes/all/GCA/009/764/425/GCA_009764425.1_turbot","",NA,"na","Eukaryota","Chordata","Actinopteri","Pleuronectiformes","Scophthalmidae","Scophthalmus",TRUE,"GCA_009764425.1_turbot",16.1666669050853,9.30000027020774,57.5257740189006,10.3679637607929,26,6,96.4,95.2,1.2,0.9,2.7,3640,"Female"
"Scophthalmus maximus","SAMN14896287",6,"na",6,"GCA_013347765.1",52904,"Chromosome","Major","Full","2020/06/18","ASM1334776v1","CIGENE","GCF_013347765.1","different","https://ftp.ncbi.nlm.nih.gov/genomes/all/GCA/013/347/765/GCA_013347765.1_ASM1334776v1","superseded by newer assembly for species",NA,"na","Eukaryota","Chordata","Actinopteri","Pleuronectiformes","Scophthalmidae","Scophthalmus",TRUE,"GCA_013347765.1_ASM1334776v1",16.1666669050853,9.30000027020774,57.5257740189006,10.3679637607929,26,6,97.3,96,1.3,0.5,2.2,3640,"Male"
"Scophthalmus maximus","SAMN24450573",6,"representative genome",6,"GCA_022379125.1",52904,"Chromosome","Major","Full","2022/02/24","ASM2237912v1","Yellow Sea fisheries Research Institution","GCF_022379125.1","different","https://ftp.ncbi.nlm.nih.gov/genomes/all/GCA/022/379/125/GCA_022379125.1_ASM2237912v1","",NA,"na","Eukaryota","Chordata","Actinopteri","Pleuronectiformes","Scophthalmidae","Scophthalmus",TRUE,"GCA_022379125.1_ASM2237912v1",16.1666669050853,9.30000027020774,57.5257740189006,10.3679637607929,26,6,97.4,96.3,1.1,0.5,2.1,3640,"Female"
